[
{"SUPPLIER_ID":1,"COMPANY_NAME":"Exotic Liquids","CONTACT_NAME":"Charlotte Cooper","CONTACT_TITLE":"Purchasing Manager","ADDRESS":"49 Gilbert St.","CITY":"London","POSTAL_CODE":"EC1 4SD","COUNTRY":"UK","PHONE":"(171) 555-2222"}
,{"SUPPLIER_ID":2,"COMPANY_NAME":"New Orleans Cajun Delights","CONTACT_NAME":"Shelley Burke","CONTACT_TITLE":"Order Administrator","ADDRESS":"P.O. Box 78934","CITY":"New Orleans","region":"LA","POSTAL_CODE":"70117","COUNTRY":"USA","PHONE":"(100) 555-4822"}
,{"SUPPLIER_ID":3,"COMPANY_NAME":"Grandma Kelly's Homestead","CONTACT_NAME":"Regina Murphy","CONTACT_TITLE":"Sales Representative","ADDRESS":"707 Oxford Rd.","CITY":"Ann Arbor","region":"MI","POSTAL_CODE":"48104","COUNTRY":"USA","PHONE":"(313) 555-5735","FAX":"(313) 555-3349"}
,{"SUPPLIER_ID":4,"COMPANY_NAME":"Tokyo Traders","CONTACT_NAME":"Yoshi Nagase","CONTACT_TITLE":"Marketing Manager","ADDRESS":"9-8 SekimaiMusashino-shi","CITY":"Tokyo","POSTAL_CODE":"100","COUNTRY":"Japan","PHONE":"(03) 3555-5011"}
,{"SUPPLIER_ID":5,"COMPANY_NAME":"Cooperativa de Quesos 'Las Cabras'","CONTACT_NAME":"Antonio del Valle Saavedra ","CONTACT_TITLE":"Export Administrator","ADDRESS":"Calle del Rosal 4","CITY":"Oviedo","region":"Asturias","POSTAL_CODE":"33007","COUNTRY":"Spain","PHONE":"(98) 598 76 54"}
,{"SUPPLIER_ID":6,"COMPANY_NAME":"Mayumi's","CONTACT_NAME":"Mayumi Ohno","CONTACT_TITLE":"Marketing Representative","ADDRESS":"92 SetsukoChuo-ku","CITY":"Osaka","POSTAL_CODE":"545","COUNTRY":"Japan","PHONE":"(06) 431-7877"}
,{"SUPPLIER_ID":7,"COMPANY_NAME":"Pavlova, Ltd.","CONTACT_NAME":"Ian Devling","CONTACT_TITLE":"Marketing Manager","ADDRESS":"74 Rose St.Moonie Ponds","CITY":"Melbourne","region":"Victoria","POSTAL_CODE":"3058","COUNTRY":"Australia","PHONE":"(03) 444-2343","FAX":"(03) 444-6588"}
,{"SUPPLIER_ID":8,"COMPANY_NAME":"Specialty Biscuits, Ltd.","CONTACT_NAME":"Peter Wilson","CONTACT_TITLE":"Sales Representative","ADDRESS":"29 King's Way","CITY":"Manchester","POSTAL_CODE":"M14 GSD","COUNTRY":"UK","PHONE":"(161) 555-4448"}
,{"SUPPLIER_ID":9,"COMPANY_NAME":"PB Knäckebröd AB","CONTACT_NAME":"Lars Peterson","CONTACT_TITLE":"Sales Agent","ADDRESS":"Kaloadagatan 13","CITY":"Göteborg","POSTAL_CODE":"S-345 67","COUNTRY":"Sweden ","PHONE":"031-987 65 43","FAX":"031-987 65 91"}
,{"SUPPLIER_ID":10,"COMPANY_NAME":"Refrescos Americanas LTDA","CONTACT_NAME":"Carlos Diaz","CONTACT_TITLE":"Marketing Manager","ADDRESS":"Av. das Americanas 12.890","CITY":"São Paulo","POSTAL_CODE":"5442","COUNTRY":"Brazil","PHONE":"(11) 555 4640"}
,{"SUPPLIER_ID":11,"COMPANY_NAME":"Heli Süßwaren GmbH & Co. KG","CONTACT_NAME":"Petra Winkler","CONTACT_TITLE":"Sales Manager","ADDRESS":"Tiergartenstraße 5","CITY":"Berlin","POSTAL_CODE":"10785","COUNTRY":"Germany","PHONE":"(010) 9984510"}
,{"SUPPLIER_ID":12,"COMPANY_NAME":"Plutzer Lebensmittelgroßmärkte AG","CONTACT_NAME":"Martin Bein","CONTACT_TITLE":"International Marketing Mgr.","ADDRESS":"Bogenallee 51","CITY":"Frankfurt","POSTAL_CODE":"60439","COUNTRY":"Germany","PHONE":"(069) 992755"}
,{"SUPPLIER_ID":13,"COMPANY_NAME":"Nord-Ost-Fisch Handelsgesellschaft mbH","CONTACT_NAME":"Sven Petersen","CONTACT_TITLE":"Coordinator Foreign Markets","ADDRESS":"Frahmredder 112a","CITY":"Cuxhaven","POSTAL_CODE":"27478","COUNTRY":"Germany","PHONE":"(04721) 8713","FAX":"(04721) 8714"}
,{"SUPPLIER_ID":14,"COMPANY_NAME":"Formaggi Fortini s.r.l.","CONTACT_NAME":"Elio Rossi","CONTACT_TITLE":"Sales Representative","ADDRESS":"Viale Dante, 75","CITY":"Ravenna","POSTAL_CODE":"48100","COUNTRY":"Italy","PHONE":"(0544) 60323","FAX":"(0544) 60603"}
,{"SUPPLIER_ID":15,"COMPANY_NAME":"Norske Meierier","CONTACT_NAME":"Beate Vileid","CONTACT_TITLE":"Marketing Manager","ADDRESS":"Hatlevegen 5","CITY":"Sandvika","POSTAL_CODE":"1320","COUNTRY":"Norway","PHONE":"(0)2-953010"}
,{"SUPPLIER_ID":16,"COMPANY_NAME":"Bigfoot Breweries","CONTACT_NAME":"Cheryl Saylor","CONTACT_TITLE":"Regional Account Rep.","ADDRESS":"3400 - 8th AvenueSuite 210","CITY":"Bend","region":"OR","POSTAL_CODE":"97101","COUNTRY":"USA","PHONE":"(503) 555-9931"}
,{"SUPPLIER_ID":17,"COMPANY_NAME":"Svensk Sjöföda AB","CONTACT_NAME":"Michael Björn","CONTACT_TITLE":"Sales Representative","ADDRESS":"Brovallavögen 231","CITY":"Stockholm","POSTAL_CODE":"S-123 45","COUNTRY":"Sweden","PHONE":"08-123 45 67"}
,{"SUPPLIER_ID":18,"COMPANY_NAME":"Aux joyeux ecclésiastiques","CONTACT_NAME":"Guylène Nodier","CONTACT_TITLE":"Sales Manager","ADDRESS":"203, Rue des Francs-Bourgeois","CITY":"Paris","POSTAL_CODE":"75004","COUNTRY":"France","PHONE":"(1) 03.83.00.68","FAX":"(1) 03.83.00.62"}
,{"SUPPLIER_ID":19,"COMPANY_NAME":"New England Seafood Cannery","CONTACT_NAME":"Robb Merchant","CONTACT_TITLE":"Wholesale Account Agent","ADDRESS":"Order Processing Dept. 2100 Paul Revere Blvd.","CITY":"Boston","region":"MA","POSTAL_CODE":"02134","COUNTRY":"USA","PHONE":"(617) 555-3267","FAX":"(617) 555-3389"}
,{"SUPPLIER_ID":20,"COMPANY_NAME":"Leka Trading","CONTACT_NAME":"Chandra Leka","CONTACT_TITLE":"Owner","ADDRESS":"471 Serangoon Loop, Suite #402","CITY":"Singapore","POSTAL_CODE":"0512","COUNTRY":"Singapore","PHONE":"555-8787"}
,{"SUPPLIER_ID":21,"COMPANY_NAME":"Lyngbysild","CONTACT_NAME":"Niels Petersen","CONTACT_TITLE":"Sales Manager","ADDRESS":"LyngbysildFiskebakken 10","CITY":"Lyngby","POSTAL_CODE":"2800","COUNTRY":"Denmark","PHONE":"43844108","FAX":"43844115"}
,{"SUPPLIER_ID":22,"COMPANY_NAME":"Zaanse Snoepfabriek","CONTACT_NAME":"Dirk Luchte","CONTACT_TITLE":"Accounting Manager","ADDRESS":"VerkoopRijnweg 22","CITY":"Zaandam","POSTAL_CODE":"9999 ZZ","COUNTRY":"Netherlands","PHONE":"(12345) 1212","FAX":"(12345) 1210"}
,{"SUPPLIER_ID":23,"COMPANY_NAME":"Karkki Oy","CONTACT_NAME":"Anne Heikkonen","CONTACT_TITLE":"Product Manager","ADDRESS":"Valtakatu 12","CITY":"Lappeenranta","POSTAL_CODE":"53120","COUNTRY":"Finland","PHONE":"(953) 10956"}
,{"SUPPLIER_ID":24,"COMPANY_NAME":"G'day, Mate","CONTACT_NAME":"Wendy Mackenzie","CONTACT_TITLE":"Sales Representative","ADDRESS":"170 Prince Edward ParadeHunter's Hill","CITY":"Sydney","region":"NSW","POSTAL_CODE":"2042","COUNTRY":"Australia","PHONE":"(02) 555-5914","FAX":"(02) 555-4873"}
,{"SUPPLIER_ID":25,"COMPANY_NAME":"Ma Maison","CONTACT_NAME":"Jean-Guy Lauzon","CONTACT_TITLE":"Marketing Manager","ADDRESS":"2960 Rue St. Laurent","CITY":"Montréal","region":"Québec","POSTAL_CODE":"H1J 1C3","COUNTRY":"Canada","PHONE":"(514) 555-9022"}
,{"SUPPLIER_ID":26,"COMPANY_NAME":"Pasta Buttini s.r.l.","CONTACT_NAME":"Giovanni Giudici","CONTACT_TITLE":"Order Administrator","ADDRESS":"Via dei Gelsomini, 153","CITY":"Salerno","POSTAL_CODE":"84100","COUNTRY":"Italy","PHONE":"(089) 6547665","FAX":"(089) 6547667"}
,{"SUPPLIER_ID":27,"COMPANY_NAME":"Escargots Nouveaux","CONTACT_NAME":"Marie Delamare","CONTACT_TITLE":"Sales Manager","ADDRESS":"22, rue H. Voiron","CITY":"Montceau","POSTAL_CODE":"71300","COUNTRY":"France","PHONE":"85.57.00.07"}
,{"SUPPLIER_ID":28,"COMPANY_NAME":"Gai pâturage","CONTACT_NAME":"Eliane Noz","CONTACT_TITLE":"Sales Representative","ADDRESS":"Bat. B3, rue des Alpes","CITY":"Annecy","POSTAL_CODE":"74000","COUNTRY":"France","PHONE":"38.76.98.06","FAX":"38.76.98.58"}
,{"SUPPLIER_ID":29,"COMPANY_NAME":"Forêts d'érables","CONTACT_NAME":"Chantal Goulet","CONTACT_TITLE":"Accounting Manager","ADDRESS":"148 rue Chasseur","CITY":"Ste-Hyacinthe","region":"Québec","POSTAL_CODE":"J2S 7S8","COUNTRY":"Canada","PHONE":"(514) 555-2955","FAX":"(514) 555-2921"}
]
